{"cameraMode":{"drawMode":0,"name":"Shaded","section":"Shading Mode"},"sceneLighting":true,"audioPlay":false,"sceneViewState":{"showFog":true,"showMaterialUpdate":false,"showSkybox":true,"showFlares":true,"showImageEffects":true,"showParticleSystems":true},"in2DMode":false,"pivot":{"x":56.67511749267578,"y":39.3525505065918,"z":-51.29528045654297},"rotation":{"x":-0.044293683022260669,"y":0.3838973045349121,"z":-0.018443211913108827,"w":-0.9221283793449402},"size":54.62002944946289,"orthographic":true}