{"cameraMode":{"drawMode":0,"name":"Shaded","section":"Shading Mode"},"sceneLighting":false,"audioPlay":false,"sceneViewState":{"showFog":true,"showMaterialUpdate":false,"showSkybox":false,"showFlares":true,"showImageEffects":true,"showParticleSystems":true},"in2DMode":false,"pivot":{"x":57.41122055053711,"y":40.99184036254883,"z":10.898575782775879},"rotation":{"x":0.2927340865135193,"y":0.7051475048065186,"z":-0.48802614212036135,"w":0.42297065258026125},"size":61.44806671142578,"orthographic":true}