{"cameraMode":{"drawMode":0,"name":"Shaded","section":"Shading Mode"},"sceneLighting":false,"audioPlay":false,"sceneViewState":{"showFog":true,"showMaterialUpdate":true,"showSkybox":false,"showFlares":true,"showImageEffects":true,"showParticleSystems":true},"in2DMode":false,"pivot":{"x":70.77783966064453,"y":45.6956672668457,"z":-51.72771072387695},"rotation":{"x":-0.03278827294707298,"y":0.4846934676170349,"z":0.018182773143053056,"w":0.8738802671432495},"size":25.33988380432129,"orthographic":false}