{"cameraMode":{"drawMode":0,"name":"Shaded","section":"Shading Mode"},"sceneLighting":true,"audioPlay":false,"sceneViewState":{"showFog":true,"showMaterialUpdate":true,"showSkybox":true,"showFlares":true,"showImageEffects":true,"showParticleSystems":true},"in2DMode":false,"pivot":{"x":70.74251556396485,"y":35.5,"z":15.707077980041504},"rotation":{"x":0.16571736335754395,"y":0.8203441500663757,"z":-0.2948117256164551,"w":0.4611498713493347},"size":112.3443374633789,"orthographic":true}